[
{
    "model": "api.producttype",
    "pk": 1,
    "fields": {
        "label": "Sports"
    }
},
{
    "model": "api.producttype",
    "pk": 2,
    "fields": {
        "label": "Toys"
    }
},
{
    "model": "api.producttype",
    "pk": 4,
    "fields": {
        "label": "Electronics"
    }
},
{
    "model": "api.producttype",
    "pk": 5,
    "fields": {
        "label": "Clothes"
    }
},
{
    "model": "api.producttype",
    "pk": 6,
    "fields": {
        "label": "Automotive"
    }
},
{
    "model": "api.producttype",
    "pk": 7,
    "fields": {
        "label": "Art"
    }
},
{
    "model": "api.producttype",
    "pk": 8,
    "fields": {
        "label": "Food"
    }
},
{
    "model": "api.producttype",
    "pk": 9,
    "fields": {
        "label": "Furniture"
    }
},
{
    "model": "api.producttype",
    "pk": 10,
    "fields": {
        "label": "Outdoors"
    }
},
{
    "model": "api.producttype",
    "pk": 11,
    "fields": {
        "label": "Books"
    }
},
{
    "model": "api.producttype",
    "pk": 12,
    "fields": {
        "label": "chimichanga"
    }
},
{
    "model": "api.customer",
    "pk": 1,
    "fields": {
        "first_name": "Will",
        "last_name": "Sims",
        "date_created": "1999-01-06"
    }
},
{
    "model": "api.customer",
    "pk": 2,
    "fields": {
        "first_name": "Blaise",
        "last_name": "Roberts",
        "date_created": "2002-04-14"
    }
},
{
    "model": "api.customer",
    "pk": 3,
    "fields": {
        "first_name": "Jeremy",
        "last_name": "Bakker",
        "date_created": "2011-08-10"
    }
},
{
    "model": "api.customer",
    "pk": 4,
    "fields": {
        "first_name": "Zak",
        "last_name": "Spence",
        "date_created": "2003-07-16"
    }
},
{
    "model": "api.customer",
    "pk": 5,
    "fields": {
        "first_name": "Adam",
        "last_name": "Myers",
        "date_created": "1997-10-25"
    }
},
{
    "model": "api.customer",
    "pk": 6,
    "fields": {
        "first_name": "Jane",
        "last_name": "Doe",
        "date_created": "1981-02-04"
    }
},
{
    "model": "api.customer",
    "pk": 7,
    "fields": {
        "first_name": "John",
        "last_name": "Smith",
        "date_created": "1999-05-31"
    }
},
{
    "model": "api.customer",
    "pk": 8,
    "fields": {
        "first_name": "Jerry",
        "last_name": "Garcia",
        "date_created": "2008-10-20"
    }
},
{
    "model": "api.customer",
    "pk": 9,
    "fields": {
        "first_name": "Bob",
        "last_name": "Weir",
        "date_created": "2007-10-21"
    }
},
{
    "model": "api.customer",
    "pk": 10,
    "fields": {
        "first_name": "Phil",
        "last_name": "Lesh",
        "date_created": "1971-09-05"
    }
},
{
    "model": "api.product",
    "pk": 1,
    "fields": {
        "price": "10.00",
        "title": "Basketball",
        "description": "Orange with black lines.  Space Jam Logo.",
        "product_type": 1,
        "customer": 1
    }
},
{
    "model": "api.product",
    "pk": 2,
    "fields": {
        "price": "12.00",
        "title": "Hot Wheelz",
        "description": "5 pack of cars",
        "product_type": 2,
        "customer": 2
    }
},
{
    "model": "api.product",
    "pk": 3,
    "fields": {
        "price": "1000.00",
        "title": "TV",
        "description": "HD 4k with surround sound.",
        "product_type": 4,
        "customer": 3
    }
},
{
    "model": "api.product",
    "pk": 4,
    "fields": {
        "price": "30.00",
        "title": "Hoodie",
        "description": "Black hoodie with graphic logo.",
        "product_type": 5,
        "customer": 4
    }
},
{
    "model": "api.product",
    "pk": 5,
    "fields": {
        "price": "26000.00",
        "title": "Ford F150",
        "description": "Red pick-up truck.  We're in the south.",
        "product_type": 6,
        "customer": 5
    }
},
{
    "model": "api.product",
    "pk": 6,
    "fields": {
        "price": "55555.00",
        "title": "Mona Lisa",
        "description": "She looks salty, but is in mint condition.",
        "product_type": 7,
        "customer": 6
    }
},
{
    "model": "api.product",
    "pk": 7,
    "fields": {
        "price": "10.00",
        "title": "Salad",
        "description": "Wilted and wet.",
        "product_type": 8,
        "customer": 7
    }
},
{
    "model": "api.product",
    "pk": 8,
    "fields": {
        "price": "600.00",
        "title": "Couch",
        "description": "Sectional Couch",
        "product_type": 9,
        "customer": 8
    }
},
{
    "model": "api.product",
    "pk": 9,
    "fields": {
        "price": "80.00",
        "title": "Tent",
        "description": "2 person tent for cold weather.",
        "product_type": 10,
        "customer": 9
    }
},
{
    "model": "api.product",
    "pk": 10,
    "fields": {
        "price": "5.00",
        "title": "Brave New World",
        "description": "Classic by Aldous Huxley.",
        "product_type": 11,
        "customer": 10
    }
},
{
    "model": "api.order",
    "pk": 1,
    "fields": {
        "payment_type_id": null,
        "order_date": "2017-01-23",
        "customer_id": 1
    }
},
{
    "model": "api.order",
    "pk": 2,
    "fields": {
        "payment_type_id": null,
        "order_date": "2017-01-24",
        "customer_id": 2
    }
},
{
    "model": "api.order",
    "pk": 3,
    "fields": {
        "payment_type_id": null,
        "order_date": "2017-02-24",
        "customer_id": 3
    }
},
{
    "model": "api.order",
    "pk": 4,
    "fields": {
        "payment_type_id": null,
        "order_date": "2017-03-24",
        "customer_id": 4
    }
},
{
    "model": "api.order",
    "pk": 5,
    "fields": {
        "payment_type_id": null,
        "order_date": "2017-04-24",
        "customer_id": 5
    }
},
{
    "model": "api.order",
    "pk": 6,
    "fields": {
        "payment_type_id": null,
        "order_date": "2017-04-05",
        "customer_id": 6
    }
},
{
    "model": "api.order",
    "pk": 7,
    "fields": {
        "payment_type_id": null,
        "order_date": "2017-05-05",
        "customer_id": 7
    }
},
{
    "model": "api.order",
    "pk": 8,
    "fields": {
        "payment_type_id": null,
        "order_date": "2017-05-21",
        "customer_id": 8
    }
},
{
    "model": "api.order",
    "pk": 9,
    "fields": {
        "payment_type_id": null,
        "order_date": "2017-04-21",
        "customer_id": 9
    }
},
{
    "model": "api.order",
    "pk": 10,
    "fields": {
        "payment_type_id": null,
        "order_date": "2017-02-05",
        "customer_id": 10
    }
},
{
    "model": "api.trainingprogram",
    "pk": 1,
    "fields": {
        "name": "Learning Guitar 101",
        "start_date": "2017-04-20",
        "end_date": "0002-01-01",
        "max_enrollment": 3
    }
},
{
    "model": "api.trainingprogram",
    "pk": 2,
    "fields": {
        "name": "How to Treat Raw Sewage",
        "start_date": "2017-04-01",
        "end_date": "0002-03-13",
        "max_enrollment": 9000000
    }
},
{
    "model": "api.trainingprogram",
    "pk": 3,
    "fields": {
        "name": "How to tell dad jokes",
        "start_date": "2017-04-01",
        "end_date": "2018-03-13",
        "max_enrollment": 1
    }
},
{
    "model": "api.trainingprogram",
    "pk": 4,
    "fields": {
        "name": "How to Grow your Little Rubber Chicken",
        "start_date": "2017-04-01",
        "end_date": "2018-03-13",
        "max_enrollment": 5
    }
},
{
    "model": "api.trainingprogram",
    "pk": 5,
    "fields": {
        "name": "Falling on your face for dummies",
        "start_date": "2018-04-01",
        "end_date": "9999-03-13",
        "max_enrollment": 26
    }
},
{
    "model": "api.trainingprogram",
    "pk": 6,
    "fields": {
        "name": "How Not To Write Code",
        "start_date": "2018-02-01",
        "end_date": "2020-12-01",
        "max_enrollment": 941
    }
},
{
    "model": "api.trainingprogram",
    "pk": 7,
    "fields": {
        "name": "How To Slowly Be Creative",
        "start_date": "2017-04-25",
        "end_date": "2050-01-01",
        "max_enrollment": 2
    }
},
{
    "model": "api.trainingprogram",
    "pk": 8,
    "fields": {
        "name": "Creating Dummy Data for Dummies",
        "start_date": "2017-04-25",
        "end_date": "2017-04-26",
        "max_enrollment": 2
    }
},
{
    "model": "api.trainingprogram",
    "pk": 9,
    "fields": {
        "name": "Creating Smarty Data for Smarties",
        "start_date": "2017-04-26",
        "end_date": "9999-04-27",
        "max_enrollment": 5
    }
},
{
    "model": "api.trainingprogram",
    "pk": 10,
    "fields": {
        "name": "How to ride your kite without hands",
        "start_date": "2017-04-01",
        "end_date": "2500-01-20",
        "max_enrollment": 1
    }
},
{
    "model": "api.paymenttype",
    "pk": 1,
    "fields": {
        "account_label": "Will's VISA",
        "account_type": "VISA",
        "account_number": "1234123412341234",
        "customer_id": 1
    }
},
{
    "model": "api.paymenttype",
    "pk": 2,
    "fields": {
        "account_label": "Blaise's Mastercard",
        "account_type": "Mastercard",
        "account_number": "1234123412341234",
        "customer_id": 2
    }
},
{
    "model": "api.paymenttype",
    "pk": 3,
    "fields": {
        "account_label": "Zak's American Exp",
        "account_type": "American Express",
        "account_number": "1234123412341234",
        "customer_id": 4
    }
},
{
    "model": "api.paymenttype",
    "pk": 4,
    "fields": {
        "account_label": "Jeremy's Discover",
        "account_type": "Discover",
        "account_number": "1234123412341234",
        "customer_id": 3
    }
},
{
    "model": "api.paymenttype",
    "pk": 5,
    "fields": {
        "account_label": "Adam's VISA",
        "account_type": "Visa",
        "account_number": "1234123412341234",
        "customer_id": 5
    }
},
{
    "model": "api.paymenttype",
    "pk": 6,
    "fields": {
        "account_label": "Jane's VISA",
        "account_type": "Visa",
        "account_number": "1234123412341234",
        "customer_id": 6
    }
},
{
    "model": "api.paymenttype",
    "pk": 7,
    "fields": {
        "account_label": "Primary VISA",
        "account_type": "Visa",
        "account_number": "1234123412341234",
        "customer_id": 7
    }
},
{
    "model": "api.paymenttype",
    "pk": 8,
    "fields": {
        "account_label": "Secondary VISA",
        "account_type": "Visa",
        "account_number": "1234123412341235",
        "customer_id": 7
    }
},
{
    "model": "api.paymenttype",
    "pk": 9,
    "fields": {
        "account_label": "Primary VISA",
        "account_type": "Visa",
        "account_number": "1234123412341235",
        "customer_id": 8
    }
},
{
    "model": "api.paymenttype",
    "pk": 10,
    "fields": {
        "account_label": "Primary VISA",
        "account_type": "Visa",
        "account_number": "1234123412341235",
        "customer_id": 9
    }
},
{
    "model": "api.paymenttype",
    "pk": 11,
    "fields": {
        "account_label": "Primary VISA",
        "account_type": "Visa",
        "account_number": "1234123412341235",
        "customer_id": 10
    }
},
{
    "model": "api.department",
    "pk": 1,
    "fields": {
        "name": "Raw Sewage",
        "budget": "900000000.00"
    }
},
{
    "model": "api.department",
    "pk": 2,
    "fields": {
        "name": "Tempered Sewage",
        "budget": "990000000.00"
    }
},
{
    "model": "api.department",
    "pk": 3,
    "fields": {
        "name": "Juliet's Fine Dining",
        "budget": "72934577.93"
    }
},
{
    "model": "api.department",
    "pk": 4,
    "fields": {
        "name": "Hilbert's Washing District",
        "budget": "72934577.93"
    }
},
{
    "model": "api.department",
    "pk": 5,
    "fields": {
        "name": "Adminstration",
        "budget": "1007.93"
    }
},
{
    "model": "api.department",
    "pk": 6,
    "fields": {
        "name": "Brenda's Code-Along",
        "budget": "0.56"
    }
},
{
    "model": "api.department",
    "pk": 7,
    "fields": {
        "name": "Dentistry",
        "budget": "9600.45"
    }
},
{
    "model": "api.department",
    "pk": 8,
    "fields": {
        "name": "Joke",
        "budget": "0.01"
    }
},
{
    "model": "api.department",
    "pk": 9,
    "fields": {
        "name": "Headless Rubber Chickens",
        "budget": "5.05"
    }
},
{
    "model": "api.department",
    "pk": 10,
    "fields": {
        "name": "Martian Resources",
        "budget": "9999999999.23"
    }
},
{
    "model": "api.computer",
    "pk": 1,
    "fields": {
        "serial_number": "asyue039didkd",
        "date_purchased": "1999-01-02",
        "date_decommissioned": "2000-01-02"
    }
},
{
    "model": "api.computer",
    "pk": 2,
    "fields": {
        "serial_number": "dh303udk40fg",
        "date_purchased": "1999-02-02",
        "date_decommissioned": "2000-02-02"
    }
},
{
    "model": "api.computer",
    "pk": 3,
    "fields": {
        "serial_number": "djde48djdk3u",
        "date_purchased": "1999-03-02",
        "date_decommissioned": "2000-04-02"
    }
},
{
    "model": "api.computer",
    "pk": 4,
    "fields": {
        "serial_number": "dje834y6etsfdj",
        "date_purchased": "0511-04-04",
        "date_decommissioned": "0611-06-08"
    }
},
{
    "model": "api.computer",
    "pk": 5,
    "fields": {
        "serial_number": "84hrjdjsye834",
        "date_purchased": "0999-04-04",
        "date_decommissioned": "1999-06-08"
    }
},
{
    "model": "api.computer",
    "pk": 6,
    "fields": {
        "serial_number": "38hyl7057et",
        "date_purchased": "1555-04-04",
        "date_decommissioned": "1607-06-08"
    }
},
{
    "model": "api.computer",
    "pk": 7,
    "fields": {
        "serial_number": "dheg38e8fotk",
        "date_purchased": "7530-08-06",
        "date_decommissioned": "1607-06-08"
    }
},
{
    "model": "api.computer",
    "pk": 8,
    "fields": {
        "serial_number": "95u5kdhsfxf",
        "date_purchased": "1999-08-06",
        "date_decommissioned": "2001-06-08"
    }
},
{
    "model": "api.computer",
    "pk": 9,
    "fields": {
        "serial_number": "08i5yu6364itgl",
        "date_purchased": "0003-03-03",
        "date_decommissioned": "0004-04-04"
    }
},
{
    "model": "api.computer",
    "pk": 10,
    "fields": {
        "serial_number": "djeo34rufudo",
        "date_purchased": "1999-09-09",
        "date_decommissioned": "2555-10-10"
    }
},
{
    "model": "api.employee",
    "pk": 1,
    "fields": {
        "first_name": "Juan",
        "last_name": "Swan",
        "is_supervisor": 1,
        "department_id": 1
    }
},
{
    "model": "api.employee",
    "pk": 2,
    "fields": {
        "first_name": "Juan",
        "last_name": "Frond",
        "is_supervisor": 0,
        "department_id": 1
    }
},
{
    "model": "api.employee",
    "pk": 3,
    "fields": {
        "first_name": "Emily",
        "last_name": "Dickenson",
        "is_supervisor": 0,
        "department_id": 3
    }
},
{
    "model": "api.employee",
    "pk": 4,
    "fields": {
        "first_name": "Leonardo",
        "last_name": "The Turtle",
        "is_supervisor": 0,
        "department_id": 10
    }
},
{
    "model": "api.employee",
    "pk": 5,
    "fields": {
        "first_name": "Donatello",
        "last_name": "The Turtle",
        "is_supervisor": 0,
        "department_id": 10
    }
},
{
    "model": "api.employee",
    "pk": 6,
    "fields": {
        "first_name": "Michaelangelo",
        "last_name": "The Turtle",
        "is_supervisor": 0,
        "department_id": 10
    }
},
{
    "model": "api.employee",
    "pk": 7,
    "fields": {
        "first_name": "Raphael",
        "last_name": "The Turtle",
        "is_supervisor": 0,
        "department_id": 10
    }
},
{
    "model": "api.employee",
    "pk": 8,
    "fields": {
        "first_name": "Splinter",
        "last_name": "The Rat",
        "is_supervisor": 1,
        "department_id": 10
    }
},
{
    "model": "api.employee",
    "pk": 9,
    "fields": {
        "first_name": "Francis",
        "last_name": "Meyer",
        "is_supervisor": 0,
        "department_id": 1
    }
},
{
    "model": "api.employee",
    "pk": 10,
    "fields": {
        "first_name": "Gina",
        "last_name": "McMeana",
        "is_supervisor": 1,
        "department_id": 2
    }
},
{
    "model": "api.employee",
    "pk": 11,
    "fields": {
        "first_name": "Jimminy",
        "last_name": "Cricket",
        "is_supervisor": 1,
        "department_id": 3
    }
},
{
    "model": "api.employee",
    "pk": 12,
    "fields": {
        "first_name": "Ebenezer",
        "last_name": "Scrooger",
        "is_supervisor": 1,
        "department_id": 4
    }
},
{
    "model": "api.employee",
    "pk": 13,
    "fields": {
        "first_name": "Joe",
        "last_name": "Cool",
        "is_supervisor": 1,
        "department_id": 5
    }
},
{
    "model": "api.employee",
    "pk": 14,
    "fields": {
        "first_name": "Mr.",
        "last_name": "Gobblesworth",
        "is_supervisor": 1,
        "department_id": 7
    }
},
{
    "model": "api.employee",
    "pk": 15,
    "fields": {
        "first_name": "Steve",
        "last_name": "Brownlee",
        "is_supervisor": 1,
        "department_id": 8
    }
},
{
    "model": "api.employee",
    "pk": 16,
    "fields": {
        "first_name": "Steve",
        "last_name": "Brownlee",
        "is_supervisor": 1,
        "department_id": 9
    }
}
]
