[
{
    "model": "api.producttype",
    "pk": 1,
    "fields": {
        "label": "Sports"
    }
},
{
    "model": "api.producttype",
    "pk": 2,
    "fields": {
        "label": "Toys"
    }
},
{
    "model": "api.producttype",
    "pk": 4,
    "fields": {
        "label": "Electronics"
    }
},
{
    "model": "api.producttype",
    "pk": 5,
    "fields": {
        "label": "Clothes"
    }
},
{
    "model": "api.producttype",
    "pk": 6,
    "fields": {
        "label": "Automotive"
    }
},
{
    "model": "api.producttype",
    "pk": 7,
    "fields": {
        "label": "Art"
    }
},
{
    "model": "api.producttype",
    "pk": 8,
    "fields": {
        "label": "Food"
    }
},
{
    "model": "api.producttype",
    "pk": 9,
    "fields": {
        "label": "Furniture"
    }
},
{
    "model": "api.producttype",
    "pk": 10,
    "fields": {
        "label": "Outdoors"
    }
},
{
    "model": "api.producttype",
    "pk": 11,
    "fields": {
        "label": "Books"
    }
},
{
    "model": "api.producttype",
    "pk": 12,
    "fields": {
        "label": "chimichanga"
    }
},
{
    "model": "api.customer",
    "pk": 1,
    "fields": {
        "first_name": "Will",
        "last_name": "Sims",
        "date_created": "1999-01-06"
    }
},
{
    "model": "api.customer",
    "pk": 2,
    "fields": {
        "first_name": "Blaise",
        "last_name": "Roberts",
        "date_created": "2002-04-14"
    }
},
{
    "model": "api.customer",
    "pk": 3,
    "fields": {
        "first_name": "Jeremy",
        "last_name": "Bakker",
        "date_created": "2011-08-10"
    }
},
{
    "model": "api.customer",
    "pk": 4,
    "fields": {
        "first_name": "Zak",
        "last_name": "Spence",
        "date_created": "2003-07-16"
    }
},
{
    "model": "api.customer",
    "pk": 5,
    "fields": {
        "first_name": "Adam",
        "last_name": "Myers",
        "date_created": "1997-10-25"
    }
},
{
    "model": "api.customer",
    "pk": 6,
    "fields": {
        "first_name": "Jane",
        "last_name": "Doe",
        "date_created": "1981-02-04"
    }
},
{
    "model": "api.customer",
    "pk": 7,
    "fields": {
        "first_name": "John",
        "last_name": "Smith",
        "date_created": "1999-05-31"
    }
},
{
    "model": "api.customer",
    "pk": 8,
    "fields": {
        "first_name": "Jerry",
        "last_name": "Garcia",
        "date_created": "2008-10-20"
    }
},
{
    "model": "api.customer",
    "pk": 9,
    "fields": {
        "first_name": "Bob",
        "last_name": "Weir",
        "date_created": "2007-10-21"
    }
},
{
    "model": "api.customer",
    "pk": 10,
    "fields": {
        "first_name": "Phil",
        "last_name": "Lesh",
        "date_created": "1971-09-05"
    }
},
{
    "model": "api.product",
    "pk": 1,
    "fields": {
        "Price": "10.00",
        "Title": "Basketball",
        "Description": "Orange with black lines.  Space Jam Logo.",
        "ProductType": 1,
        "Customer": 1
    }
},
{
    "model": "api.product",
    "pk": 2,
    "fields": {
        "Price": "12.00",
        "Title": "Hot Wheelz",
        "Description": "5 pack of cars",
        "ProductType": 2,
        "Customer": 2
    }
},
{
    "model": "api.product",
    "pk": 3,
    "fields": {
        "Price": "1000.00",
        "Title": "TV",
        "Description": "HD 4k with surround sound.",
        "ProductType": 4,
        "Customer": 3
    }
},
{
    "model": "api.product",
    "pk": 4,
    "fields": {
        "Price": "30.00",
        "Title": "Hoodie",
        "Description": "Black hoodie with graphic logo.",
        "ProductType": 5,
        "Customer": 4
    }
},
{
    "model": "api.product",
    "pk": 5,
    "fields": {
        "Price": "26000.00",
        "Title": "Ford F150",
        "Description": "Red pick-up truck.  We're in the south.",
        "ProductType": 6,
        "Customer": 5
    }
},
{
    "model": "api.product",
    "pk": 6,
    "fields": {
        "Price": "55555.00",
        "Title": "Mona Lisa",
        "Description": "She looks salty, but is in mint condition.",
        "ProductType": 7,
        "Customer": 6
    }
},
{
    "model": "api.product",
    "pk": 7,
    "fields": {
        "Price": "10.00",
        "Title": "Salad",
        "Description": "Wilted and wet.",
        "ProductType": 8,
        "Customer": 7
    }
},
{
    "model": "api.product",
    "pk": 8,
    "fields": {
        "Price": "600.00",
        "Title": "Couch",
        "Description": "Sectional Couch",
        "ProductType": 9,
        "Customer": 8
    }
},
{
    "model": "api.product",
    "pk": 9,
    "fields": {
        "Price": "80.00",
        "Title": "Tent",
        "Description": "2 person tent for cold weather.",
        "ProductType": 10,
        "Customer": 9
    }
},
{
    "model": "api.product",
    "pk": 10,
    "fields": {
        "Price": "5.00",
        "Title": "Brave New World",
        "Description": "Classic by Aldous Huxley.",
        "ProductType": 11,
        "Customer": 10
    }
},
{
    "model": "api.order",
    "pk": 1,
    "fields": {
        "PaymentTypeID": "0",
        "OrderDate": "2017-01-23",
        "CustomerID": 1
    }
},
{
    "model": "api.order",
    "pk": 2,
    "fields": {
        "PaymentTypeID": "0",
        "OrderDate": "2017-01-24",
        "CustomerID": 2
    }
},
{
    "model": "api.order",
    "pk": 3,
    "fields": {
        "PaymentTypeID": "0",
        "OrderDate": "2017-02-24",
        "CustomerID": 3
    }
},
{
    "model": "api.order",
    "pk": 4,
    "fields": {
        "PaymentTypeID": "0",
        "OrderDate": "2017-03-24",
        "CustomerID": 4
    }
},
{
    "model": "api.order",
    "pk": 5,
    "fields": {
        "PaymentTypeID": "0",
        "OrderDate": "2017-04-24",
        "CustomerID": 5
    }
},
{
    "model": "api.order",
    "pk": 6,
    "fields": {
        "PaymentTypeID": "0",
        "OrderDate": "2017-04-05",
        "CustomerID": 6
    }
},
{
    "model": "api.order",
    "pk": 7,
    "fields": {
        "PaymentTypeID": "0",
        "OrderDate": "2017-05-05",
        "CustomerID": 7
    }
},
{
    "model": "api.order",
    "pk": 8,
    "fields": {
        "PaymentTypeID": "0",
        "OrderDate": "2017-05-21",
        "CustomerID": 8
    }
},
{
    "model": "api.order",
    "pk": 9,
    "fields": {
        "PaymentTypeID": "0",
        "OrderDate": "2017-04-21",
        "CustomerID": 9
    }
},
{
    "model": "api.order",
    "pk": 10,
    "fields": {
        "PaymentTypeID": "0",
        "OrderDate": "2017-02-05",
        "CustomerID": 10
    }
},
{
    "model": "api.trainingprogram",
    "pk": 1,
    "fields": {
        "Name": "Learning Guitar 101",
        "StartDate": "2017-04-20",
        "EndDate": "0002-01-01",
        "MaxEnrollment": 3
    }
},
{
    "model": "api.trainingprogram",
    "pk": 2,
    "fields": {
        "Name": "How to Treat Raw Sewage",
        "StartDate": "2017-04-01",
        "EndDate": "0002-03-13",
        "MaxEnrollment": 9000000
    }
},
{
    "model": "api.trainingprogram",
    "pk": 3,
    "fields": {
        "Name": "How to tell dad jokes",
        "StartDate": "2017-04-01",
        "EndDate": "2018-03-13",
        "MaxEnrollment": 1
    }
},
{
    "model": "api.trainingprogram",
    "pk": 4,
    "fields": {
        "Name": "How to Grow your Little Rubber Chicken",
        "StartDate": "2017-04-01",
        "EndDate": "2018-03-13",
        "MaxEnrollment": 5
    }
},
{
    "model": "api.trainingprogram",
    "pk": 5,
    "fields": {
        "Name": "Falling on your face for dummies",
        "StartDate": "2018-04-01",
        "EndDate": "9999-03-13",
        "MaxEnrollment": 26
    }
},
{
    "model": "api.trainingprogram",
    "pk": 6,
    "fields": {
        "Name": "How Not To Write Code",
        "StartDate": "2018-02-01",
        "EndDate": "2020-12-01",
        "MaxEnrollment": 941
    }
},
{
    "model": "api.trainingprogram",
    "pk": 7,
    "fields": {
        "Name": "How To Slowly Be Creative",
        "StartDate": "2017-04-25",
        "EndDate": "2050-01-01",
        "MaxEnrollment": 2
    }
},
{
    "model": "api.trainingprogram",
    "pk": 8,
    "fields": {
        "Name": "Creating Dummy Data for Dummies",
        "StartDate": "2017-04-25",
        "EndDate": "2017-04-26",
        "MaxEnrollment": 2
    }
},
{
    "model": "api.trainingprogram",
    "pk": 9,
    "fields": {
        "Name": "Creating Smarty Data for Smarties",
        "StartDate": "2017-04-26",
        "EndDate": "9999-04-27",
        "MaxEnrollment": 5
    }
},
{
    "model": "api.trainingprogram",
    "pk": 10,
    "fields": {
        "Name": "How to ride your kite without hands",
        "StartDate": "2017-04-01",
        "EndDate": "2500-01-20",
        "MaxEnrollment": 1
    }
},
{
    "model": "api.paymenttype",
    "pk": 1,
    "fields": {
        "accountLabel": "Will's VISA",
        "accountType": "VISA",
        "accountNumber": "1234123412341234",
        "CustomerID": 1
    }
},
{
    "model": "api.paymenttype",
    "pk": 2,
    "fields": {
        "accountLabel": "Blaise's Mastercard",
        "accountType": "Mastercard",
        "accountNumber": "1234123412341234",
        "CustomerID": 2
    }
},
{
    "model": "api.paymenttype",
    "pk": 3,
    "fields": {
        "accountLabel": "Zak's American Exp",
        "accountType": "American Express",
        "accountNumber": "1234123412341234",
        "CustomerID": 4
    }
},
{
    "model": "api.paymenttype",
    "pk": 4,
    "fields": {
        "accountLabel": "Jeremy's Discover",
        "accountType": "Discover",
        "accountNumber": "1234123412341234",
        "CustomerID": 3
    }
},
{
    "model": "api.paymenttype",
    "pk": 5,
    "fields": {
        "accountLabel": "Adam's VISA",
        "accountType": "Visa",
        "accountNumber": "1234123412341234",
        "CustomerID": 5
    }
},
{
    "model": "api.paymenttype",
    "pk": 6,
    "fields": {
        "accountLabel": "Jane's VISA",
        "accountType": "Visa",
        "accountNumber": "1234123412341234",
        "CustomerID": 6
    }
},
{
    "model": "api.paymenttype",
    "pk": 7,
    "fields": {
        "accountLabel": "Primary VISA",
        "accountType": "Visa",
        "accountNumber": "1234123412341234",
        "CustomerID": 7
    }
},
{
    "model": "api.paymenttype",
    "pk": 8,
    "fields": {
        "accountLabel": "Secondary VISA",
        "accountType": "Visa",
        "accountNumber": "1234123412341235",
        "CustomerID": 7
    }
},
{
    "model": "api.paymenttype",
    "pk": 9,
    "fields": {
        "accountLabel": "Primary VISA",
        "accountType": "Visa",
        "accountNumber": "1234123412341235",
        "CustomerID": 8
    }
},
{
    "model": "api.paymenttype",
    "pk": 10,
    "fields": {
        "accountLabel": "Primary VISA",
        "accountType": "Visa",
        "accountNumber": "1234123412341235",
        "CustomerID": 9
    }
},
{
    "model": "api.paymenttype",
    "pk": 11,
    "fields": {
        "accountLabel": "Primary VISA",
        "accountType": "Visa",
        "accountNumber": "1234123412341235",
        "CustomerID": 10
    }
},
{
    "model": "api.department",
    "pk": 1,
    "fields": {
        "name": "Raw Sewage",
        "budget": "900000000.00"
    }
},
{
    "model": "api.department",
    "pk": 2,
    "fields": {
        "name": "Tempered Sewage",
        "budget": "990000000.00"
    }
},
{
    "model": "api.department",
    "pk": 3,
    "fields": {
        "name": "Juliet's Fine Dining",
        "budget": "72934577.93"
    }
},
{
    "model": "api.department",
    "pk": 4,
    "fields": {
        "name": "Hilbert's Washing District",
        "budget": "72934577.93"
    }
},
{
    "model": "api.department",
    "pk": 5,
    "fields": {
        "name": "Adminstration",
        "budget": "1007.93"
    }
},
{
    "model": "api.department",
    "pk": 6,
    "fields": {
        "name": "Brenda's Code-Along",
        "budget": "0.56"
    }
},
{
    "model": "api.department",
    "pk": 7,
    "fields": {
        "name": "Dentistry",
        "budget": "9600.45"
    }
},
{
    "model": "api.department",
    "pk": 8,
    "fields": {
        "name": "Joke",
        "budget": "0.01"
    }
},
{
    "model": "api.department",
    "pk": 9,
    "fields": {
        "name": "Headless Rubber Chickens",
        "budget": "5.05"
    }
},
{
    "model": "api.department",
    "pk": 10,
    "fields": {
        "name": "Martian Resources",
        "budget": "9999999999.23"
    }
},
{
    "model": "api.computer",
    "pk": 1,
    "fields": {
        "date_purchased": "1999-01-02",
        "date_decommissioned": "2000-01-02"
    }
},
{
    "model": "api.computer",
    "pk": 2,
    "fields": {
        "date_purchased": "1999-02-02",
        "date_decommissioned": "2000-02-02"
    }
},
{
    "model": "api.computer",
    "pk": 3,
    "fields": {
        "date_purchased": "1999-03-02",
        "date_decommissioned": "2000-04-02"
    }
},
{
    "model": "api.computer",
    "pk": 4,
    "fields": {
        "date_purchased": "0511-04-04",
        "date_decommissioned": "0611-06-08"
    }
},
{
    "model": "api.computer",
    "pk": 5,
    "fields": {
        "date_purchased": "0999-04-04",
        "date_decommissioned": "1999-06-08"
    }
},
{
    "model": "api.computer",
    "pk": 6,
    "fields": {
        "date_purchased": "1555-04-04",
        "date_decommissioned": "1607-06-08"
    }
},
{
    "model": "api.computer",
    "pk": 7,
    "fields": {
        "date_purchased": "7530-08-06",
        "date_decommissioned": "1607-06-08"
    }
},
{
    "model": "api.computer",
    "pk": 8,
    "fields": {
        "date_purchased": "1999-08-06",
        "date_decommissioned": "2001-06-08"
    }
},
{
    "model": "api.computer",
    "pk": 9,
    "fields": {
        "date_purchased": "0003-03-03",
        "date_decommissioned": "0004-04-04"
    }
},
{
    "model": "api.computer",
    "pk": 10,
    "fields": {
        "date_purchased": "1999-09-09",
        "date_decommissioned": "2555-10-10"
    }
},
{
    "model": "api.employee",
    "pk": 1,
    "fields": {
        "FirstName": "Juan",
        "LastName": "Swan",
        "IsSupervisor": 1,
        "DepartmentID": 1
    }
},
{
    "model": "api.employee",
    "pk": 2,
    "fields": {
        "FirstName": "Juan",
        "LastName": "Frond",
        "IsSupervisor": 0,
        "DepartmentID": 1
    }
},
{
    "model": "api.employee",
    "pk": 3,
    "fields": {
        "FirstName": "Emily",
        "LastName": "Dickenson",
        "IsSupervisor": 0,
        "DepartmentID": 3
    }
},
{
    "model": "api.employee",
    "pk": 4,
    "fields": {
        "FirstName": "Leonardo",
        "LastName": "The Turtle",
        "IsSupervisor": 0,
        "DepartmentID": 10
    }
},
{
    "model": "api.employee",
    "pk": 5,
    "fields": {
        "FirstName": "Donatello",
        "LastName": "The Turtle",
        "IsSupervisor": 0,
        "DepartmentID": 10
    }
},
{
    "model": "api.employee",
    "pk": 6,
    "fields": {
        "FirstName": "Michaelangelo",
        "LastName": "The Turtle",
        "IsSupervisor": 0,
        "DepartmentID": 10
    }
},
{
    "model": "api.employee",
    "pk": 7,
    "fields": {
        "FirstName": "Raphael",
        "LastName": "The Turtle",
        "IsSupervisor": 0,
        "DepartmentID": 10
    }
},
{
    "model": "api.employee",
    "pk": 8,
    "fields": {
        "FirstName": "Splinter",
        "LastName": "The Rat",
        "IsSupervisor": 1,
        "DepartmentID": 10
    }
},
{
    "model": "api.employee",
    "pk": 9,
    "fields": {
        "FirstName": "Francis",
        "LastName": "Meyer",
        "IsSupervisor": 0,
        "DepartmentID": 1
    }
},
{
    "model": "api.employee",
    "pk": 10,
    "fields": {
        "FirstName": "Gina",
        "LastName": "McMeana",
        "IsSupervisor": 1,
        "DepartmentID": 2
    }
},
{
    "model": "api.employee",
    "pk": 11,
    "fields": {
        "FirstName": "Jimminy",
        "LastName": "Cricket",
        "IsSupervisor": 1,
        "DepartmentID": 3
    }
},
{
    "model": "api.employee",
    "pk": 12,
    "fields": {
        "FirstName": "Ebenezer",
        "LastName": "Scrooger",
        "IsSupervisor": 1,
        "DepartmentID": 4
    }
},
{
    "model": "api.employee",
    "pk": 13,
    "fields": {
        "FirstName": "Joe",
        "LastName": "Cool",
        "IsSupervisor": 1,
        "DepartmentID": 5
    }
},
{
    "model": "api.employee",
    "pk": 14,
    "fields": {
        "FirstName": "Mr.",
        "LastName": "Gobblesworth",
        "IsSupervisor": 1,
        "DepartmentID": 7
    }
},
{
    "model": "api.employee",
    "pk": 15,
    "fields": {
        "FirstName": "Steve",
        "LastName": "Brownlee",
        "IsSupervisor": 1,
        "DepartmentID": 8
    }
},
{
    "model": "api.employee",
    "pk": 16,
    "fields": {
        "FirstName": "Steve",
        "LastName": "Brownlee",
        "IsSupervisor": 1,
        "DepartmentID": 9
    }
}
]
